deelnemerscode;apparaat;volgorde;taak;soort;paar;design;opdracht
D01;Smartphone;1;T01;boeking;1;A;X
D01;Smartphone;2;T02;boeking;1;B;Y
D01;Smartphone;3;T03;boeking;2;B;X
D01;Smartphone;4;T04;boeking;2;A;Y
D01;Smartphone;5;T05;informatie;;;I2
D01;Smartphone;6;T06;boeking;3;A;Y
D01;Smartphone;7;T07;boeking;3;B;Z
D01;Smartphone;8;T08;boeking;4;B;Y
D01;Smartphone;9;T09;boeking;4;A;Z
D01;Smartphone;10;T10;informatie;;;I4
D01;Smartphone;11;T11;boeking;5;A;Z
D01;Smartphone;12;T12;boeking;5;B;W
D01;Smartphone;13;T13;boeking;6;B;Z
D01;Smartphone;14;T14;boeking;6;A;W
D01;Smartphone;15;T15;informatie;;;I5
D02;Smartphone;1;T01;boeking;2;A;Y
D02;Smartphone;2;T02;boeking;2;B;Z
D02;Smartphone;3;T03;boeking;3;B;Y
D02;Smartphone;4;T04;boeking;3;A;Z
D02;Smartphone;5;T05;informatie;;;I3
D02;Smartphone;6;T06;boeking;4;A;Z
D02;Smartphone;7;T07;boeking;4;B;W
D02;Smartphone;8;T08;boeking;5;B;Z
D02;Smartphone;9;T09;boeking;5;A;W
D02;Smartphone;10;T10;informatie;;;I1
D02;Smartphone;11;T11;boeking;6;A;W
D02;Smartphone;12;T12;boeking;6;B;X
D02;Smartphone;13;T13;boeking;1;B;X
D02;Smartphone;14;T14;boeking;1;A;Y
D02;Smartphone;15;T15;informatie;;;I5
D03;Smartphone;1;T01;boeking;3;A;Z
D03;Smartphone;2;T02;boeking;3;B;W
D03;Smartphone;3;T03;boeking;4;B;Z
D03;Smartphone;4;T04;boeking;4;A;W
D03;Smartphone;5;T05;informatie;;;I4
D03;Smartphone;6;T06;boeking;5;A;W
D03;Smartphone;7;T07;boeking;5;B;X
D03;Smartphone;8;T08;boeking;6;B;W
D03;Smartphone;9;T09;boeking;6;A;X
D03;Smartphone;10;T10;informatie;;;I2
D03;Smartphone;11;T11;boeking;1;A;Y
D03;Smartphone;12;T12;boeking;1;B;Z
D03;Smartphone;13;T13;boeking;2;B;Y
D03;Smartphone;14;T14;boeking;2;A;Z
D03;Smartphone;15;T15;informatie;;;I5
D04;Smartphone;1;T01;boeking;4;A;W
D04;Smartphone;2;T02;boeking;4;B;X
D04;Smartphone;3;T03;boeking;5;B;W
D04;Smartphone;4;T04;boeking;5;A;X
D04;Smartphone;5;T05;informatie;;;I1
D04;Smartphone;6;T06;boeking;6;A;X
D04;Smartphone;7;T07;boeking;6;B;Y
D04;Smartphone;8;T08;boeking;1;B;Y
D04;Smartphone;9;T09;boeking;1;A;Z
D04;Smartphone;10;T10;informatie;;;I3
D04;Smartphone;11;T11;boeking;2;A;Z
D04;Smartphone;12;T12;boeking;2;B;W
D04;Smartphone;13;T13;boeking;3;B;Z
D04;Smartphone;14;T14;boeking;3;A;W
D04;Smartphone;15;T15;informatie;;;I5
D05;Smartphone;1;T01;boeking;5;A;X
D05;Smartphone;2;T02;boeking;5;B;Y
D05;Smartphone;3;T03;boeking;6;B;X
D05;Smartphone;4;T04;boeking;6;A;Y
D05;Smartphone;5;T05;informatie;;;I2
D05;Smartphone;6;T06;boeking;1;A;Z
D05;Smartphone;7;T07;boeking;1;B;W
D05;Smartphone;8;T08;boeking;2;B;Z
D05;Smartphone;9;T09;boeking;2;A;W
D05;Smartphone;10;T10;informatie;;;I4
D05;Smartphone;11;T11;boeking;3;A;W
D05;Smartphone;12;T12;boeking;3;B;X
D05;Smartphone;13;T13;boeking;4;B;W
D05;Smartphone;14;T14;boeking;4;A;X
D05;Smartphone;15;T15;informatie;;;I5
D06;Smartphone;1;T01;boeking;6;A;Y
D06;Smartphone;2;T02;boeking;6;B;Z
D06;Smartphone;3;T03;boeking;1;B;Z
D06;Smartphone;4;T04;boeking;1;A;W
D06;Smartphone;5;T05;informatie;;;I3
D06;Smartphone;6;T06;boeking;2;A;W
D06;Smartphone;7;T07;boeking;2;B;X
D06;Smartphone;8;T08;boeking;3;B;W
D06;Smartphone;9;T09;boeking;3;A;X
D06;Smartphone;10;T10;informatie;;;I1
D06;Smartphone;11;T11;boeking;4;A;X
D06;Smartphone;12;T12;boeking;4;B;Y
D06;Smartphone;13;T13;boeking;5;B;X
D06;Smartphone;14;T14;boeking;5;A;Y
D06;Smartphone;15;T15;informatie;;;I5
D07;Smartphone;1;T01;boeking;1;A;W
D07;Smartphone;2;T02;boeking;1;B;X
D07;Smartphone;3;T03;boeking;2;B;W
D07;Smartphone;4;T04;boeking;2;A;X
D07;Smartphone;5;T05;informatie;;;I4
D07;Smartphone;6;T06;boeking;3;A;X
D07;Smartphone;7;T07;boeking;3;B;Y
D07;Smartphone;8;T08;boeking;4;B;X
D07;Smartphone;9;T09;boeking;4;A;Y
D07;Smartphone;10;T10;informatie;;;I2
D07;Smartphone;11;T11;boeking;5;A;Y
D07;Smartphone;12;T12;boeking;5;B;Z
D07;Smartphone;13;T13;boeking;6;B;Y
D07;Smartphone;14;T14;boeking;6;A;Z
D07;Smartphone;15;T15;informatie;;;I5
D08;Smartphone;1;T01;boeking;2;A;X
D08;Smartphone;2;T02;boeking;2;B;Y
D08;Smartphone;3;T03;boeking;3;B;X
D08;Smartphone;4;T04;boeking;3;A;Y
D08;Smartphone;5;T05;informatie;;;I1
D08;Smartphone;6;T06;boeking;4;A;Y
D08;Smartphone;7;T07;boeking;4;B;Z
D08;Smartphone;8;T08;boeking;5;B;Y
D08;Smartphone;9;T09;boeking;5;A;Z
D08;Smartphone;10;T10;informatie;;;I3
D08;Smartphone;11;T11;boeking;6;A;Z
D08;Smartphone;12;T12;boeking;6;B;W
D08;Smartphone;13;T13;boeking;1;B;W
D08;Smartphone;14;T14;boeking;1;A;X
D08;Smartphone;15;T15;informatie;;;I5
D09;Smartphone;1;T01;boeking;3;A;Y
D09;Smartphone;2;T02;boeking;3;B;Z
D09;Smartphone;3;T03;boeking;4;B;Y
D09;Smartphone;4;T04;boeking;4;A;Z
D09;Smartphone;5;T05;informatie;;;I2
D09;Smartphone;6;T06;boeking;5;A;Z
D09;Smartphone;7;T07;boeking;5;B;W
D09;Smartphone;8;T08;boeking;6;B;Z
D09;Smartphone;9;T09;boeking;6;A;W
D09;Smartphone;10;T10;informatie;;;I4
D09;Smartphone;11;T11;boeking;1;A;X
D09;Smartphone;12;T12;boeking;1;B;Y
D09;Smartphone;13;T13;boeking;2;B;X
D09;Smartphone;14;T14;boeking;2;A;Y
D09;Smartphone;15;T15;informatie;;;I5
D10;Smartphone;1;T01;boeking;4;A;Z
D10;Smartphone;2;T02;boeking;4;B;W
D10;Smartphone;3;T03;boeking;5;B;Z
D10;Smartphone;4;T04;boeking;5;A;W
D10;Smartphone;5;T05;informatie;;;I3
D10;Smartphone;6;T06;boeking;6;A;W
D10;Smartphone;7;T07;boeking;6;B;X
D10;Smartphone;8;T08;boeking;1;B;X
D10;Smartphone;9;T09;boeking;1;A;Y
D10;Smartphone;10;T10;informatie;;;I1
D10;Smartphone;11;T11;boeking;2;A;Y
D10;Smartphone;12;T12;boeking;2;B;Z
D10;Smartphone;13;T13;boeking;3;B;Y
D10;Smartphone;14;T14;boeking;3;A;Z
D10;Smartphone;15;T15;informatie;;;I5
D11;Smartphone;1;T01;boeking;5;A;W
D11;Smartphone;2;T02;boeking;5;B;X
D11;Smartphone;3;T03;boeking;6;B;W
D11;Smartphone;4;T04;boeking;6;A;X
D11;Smartphone;5;T05;informatie;;;I4
D11;Smartphone;6;T06;boeking;1;A;Y
D11;Smartphone;7;T07;boeking;1;B;Z
D11;Smartphone;8;T08;boeking;2;B;Y
D11;Smartphone;9;T09;boeking;2;A;Z
D11;Smartphone;10;T10;informatie;;;I2
D11;Smartphone;11;T11;boeking;3;A;Z
D11;Smartphone;12;T12;boeking;3;B;W
D11;Smartphone;13;T13;boeking;4;B;Z
D11;Smartphone;14;T14;boeking;4;A;W
D11;Smartphone;15;T15;informatie;;;I5
D12;Smartphone;1;T01;boeking;6;A;X
D12;Smartphone;2;T02;boeking;6;B;Y
D12;Smartphone;3;T03;boeking;1;B;Y
D12;Smartphone;4;T04;boeking;1;A;Z
D12;Smartphone;5;T05;informatie;;;I1
D12;Smartphone;6;T06;boeking;2;A;Z
D12;Smartphone;7;T07;boeking;2;B;W
D12;Smartphone;8;T08;boeking;3;B;Z
D12;Smartphone;9;T09;boeking;3;A;W
D12;Smartphone;10;T10;informatie;;;I3
D12;Smartphone;11;T11;boeking;4;A;W
D12;Smartphone;12;T12;boeking;4;B;X
D12;Smartphone;13;T13;boeking;5;B;W
D12;Smartphone;14;T14;boeking;5;A;X
D12;Smartphone;15;T15;informatie;;;I5
D13;Smartphone;1;T01;boeking;1;A;Z
D13;Smartphone;2;T02;boeking;1;B;W
D13;Smartphone;3;T03;boeking;2;B;Z
D13;Smartphone;4;T04;boeking;2;A;W
D13;Smartphone;5;T05;informatie;;;I2
D13;Smartphone;6;T06;boeking;3;A;W
D13;Smartphone;7;T07;boeking;3;B;X
D13;Smartphone;8;T08;boeking;4;B;W
D13;Smartphone;9;T09;boeking;4;A;X
D13;Smartphone;10;T10;informatie;;;I4
D13;Smartphone;11;T11;boeking;5;A;X
D13;Smartphone;12;T12;boeking;5;B;Y
D13;Smartphone;13;T13;boeking;6;B;X
D13;Smartphone;14;T14;boeking;6;A;Y
D13;Smartphone;15;T15;informatie;;;I5
D14;Desktop;1;T01;boeking;1;A;X
D14;Desktop;2;T02;boeking;1;B;Y
D14;Desktop;3;T03;boeking;2;B;X
D14;Desktop;4;T04;boeking;2;A;Y
D14;Desktop;5;T05;informatie;;;I2
D14;Desktop;6;T06;boeking;3;A;Y
D14;Desktop;7;T07;boeking;3;B;Z
D14;Desktop;8;T08;boeking;4;B;Y
D14;Desktop;9;T09;boeking;4;A;Z
D14;Desktop;10;T10;informatie;;;I4
D14;Desktop;11;T11;boeking;5;A;Z
D14;Desktop;12;T12;boeking;5;B;W
D14;Desktop;13;T13;boeking;6;B;Z
D14;Desktop;14;T14;boeking;6;A;W
D14;Desktop;15;T15;informatie;;;I5
D15;Desktop;1;T01;boeking;2;A;Y
D15;Desktop;2;T02;boeking;2;B;Z
D15;Desktop;3;T03;boeking;3;B;Y
D15;Desktop;4;T04;boeking;3;A;Z
D15;Desktop;5;T05;informatie;;;I3
D15;Desktop;6;T06;boeking;4;A;Z
D15;Desktop;7;T07;boeking;4;B;W
D15;Desktop;8;T08;boeking;5;B;Z
D15;Desktop;9;T09;boeking;5;A;W
D15;Desktop;10;T10;informatie;;;I1
D15;Desktop;11;T11;boeking;6;A;W
D15;Desktop;12;T12;boeking;6;B;X
D15;Desktop;13;T13;boeking;1;B;X
D15;Desktop;14;T14;boeking;1;A;Y
D15;Desktop;15;T15;informatie;;;I5
D16;Desktop;1;T01;boeking;3;A;Z
D16;Desktop;2;T02;boeking;3;B;W
D16;Desktop;3;T03;boeking;4;B;Z
D16;Desktop;4;T04;boeking;4;A;W
D16;Desktop;5;T05;informatie;;;I4
D16;Desktop;6;T06;boeking;5;A;W
D16;Desktop;7;T07;boeking;5;B;X
D16;Desktop;8;T08;boeking;6;B;W
D16;Desktop;9;T09;boeking;6;A;X
D16;Desktop;10;T10;informatie;;;I2
D16;Desktop;11;T11;boeking;1;A;Y
D16;Desktop;12;T12;boeking;1;B;Z
D16;Desktop;13;T13;boeking;2;B;Y
D16;Desktop;14;T14;boeking;2;A;Z
D16;Desktop;15;T15;informatie;;;I5
D17;Desktop;1;T01;boeking;4;A;W
D17;Desktop;2;T02;boeking;4;B;X
D17;Desktop;3;T03;boeking;5;B;W
D17;Desktop;4;T04;boeking;5;A;X
D17;Desktop;5;T05;informatie;;;I1
D17;Desktop;6;T06;boeking;6;A;X
D17;Desktop;7;T07;boeking;6;B;Y
D17;Desktop;8;T08;boeking;1;B;Y
D17;Desktop;9;T09;boeking;1;A;Z
D17;Desktop;10;T10;informatie;;;I3
D17;Desktop;11;T11;boeking;2;A;Z
D17;Desktop;12;T12;boeking;2;B;W
D17;Desktop;13;T13;boeking;3;B;Z
D17;Desktop;14;T14;boeking;3;A;W
D17;Desktop;15;T15;informatie;;;I5
D18;Desktop;1;T01;boeking;5;A;X
D18;Desktop;2;T02;boeking;5;B;Y
D18;Desktop;3;T03;boeking;6;B;X
D18;Desktop;4;T04;boeking;6;A;Y
D18;Desktop;5;T05;informatie;;;I2
D18;Desktop;6;T06;boeking;1;A;Z
D18;Desktop;7;T07;boeking;1;B;W
D18;Desktop;8;T08;boeking;2;B;Z
D18;Desktop;9;T09;boeking;2;A;W
D18;Desktop;10;T10;informatie;;;I4
D18;Desktop;11;T11;boeking;3;A;W
D18;Desktop;12;T12;boeking;3;B;X
D18;Desktop;13;T13;boeking;4;B;W
D18;Desktop;14;T14;boeking;4;A;X
D18;Desktop;15;T15;informatie;;;I5
D19;Desktop;1;T01;boeking;6;A;Y
D19;Desktop;2;T02;boeking;6;B;Z
D19;Desktop;3;T03;boeking;1;B;Z
D19;Desktop;4;T04;boeking;1;A;W
D19;Desktop;5;T05;informatie;;;I3
D19;Desktop;6;T06;boeking;2;A;W
D19;Desktop;7;T07;boeking;2;B;X
D19;Desktop;8;T08;boeking;3;B;W
D19;Desktop;9;T09;boeking;3;A;X
D19;Desktop;10;T10;informatie;;;I1
D19;Desktop;11;T11;boeking;4;A;X
D19;Desktop;12;T12;boeking;4;B;Y
D19;Desktop;13;T13;boeking;5;B;X
D19;Desktop;14;T14;boeking;5;A;Y
D19;Desktop;15;T15;informatie;;;I5
D20;Desktop;1;T01;boeking;1;A;W
D20;Desktop;2;T02;boeking;1;B;X
D20;Desktop;3;T03;boeking;2;B;W
D20;Desktop;4;T04;boeking;2;A;X
D20;Desktop;5;T05;informatie;;;I4
D20;Desktop;6;T06;boeking;3;A;X
D20;Desktop;7;T07;boeking;3;B;Y
D20;Desktop;8;T08;boeking;4;B;X
D20;Desktop;9;T09;boeking;4;A;Y
D20;Desktop;10;T10;informatie;;;I2
D20;Desktop;11;T11;boeking;5;A;Y
D20;Desktop;12;T12;boeking;5;B;Z
D20;Desktop;13;T13;boeking;6;B;Y
D20;Desktop;14;T14;boeking;6;A;Z
D20;Desktop;15;T15;informatie;;;I5
D21;Desktop;1;T01;boeking;2;A;X
D21;Desktop;2;T02;boeking;2;B;Y
D21;Desktop;3;T03;boeking;3;B;X
D21;Desktop;4;T04;boeking;3;A;Y
D21;Desktop;5;T05;informatie;;;I1
D21;Desktop;6;T06;boeking;4;A;Y
D21;Desktop;7;T07;boeking;4;B;Z
D21;Desktop;8;T08;boeking;5;B;Y
D21;Desktop;9;T09;boeking;5;A;Z
D21;Desktop;10;T10;informatie;;;I3
D21;Desktop;11;T11;boeking;6;A;Z
D21;Desktop;12;T12;boeking;6;B;W
D21;Desktop;13;T13;boeking;1;B;W
D21;Desktop;14;T14;boeking;1;A;X
D21;Desktop;15;T15;informatie;;;I5
D22;Desktop;1;T01;boeking;3;A;Y
D22;Desktop;2;T02;boeking;3;B;Z
D22;Desktop;3;T03;boeking;4;B;Y
D22;Desktop;4;T04;boeking;4;A;Z
D22;Desktop;5;T05;informatie;;;I2
D22;Desktop;6;T06;boeking;5;A;Z
D22;Desktop;7;T07;boeking;5;B;W
D22;Desktop;8;T08;boeking;6;B;Z
D22;Desktop;9;T09;boeking;6;A;W
D22;Desktop;10;T10;informatie;;;I4
D22;Desktop;11;T11;boeking;1;A;X
D22;Desktop;12;T12;boeking;1;B;Y
D22;Desktop;13;T13;boeking;2;B;X
D22;Desktop;14;T14;boeking;2;A;Y
D22;Desktop;15;T15;informatie;;;I5
D23;Desktop;1;T01;boeking;4;A;Z
D23;Desktop;2;T02;boeking;4;B;W
D23;Desktop;3;T03;boeking;5;B;Z
D23;Desktop;4;T04;boeking;5;A;W
D23;Desktop;5;T05;informatie;;;I3
D23;Desktop;6;T06;boeking;6;A;W
D23;Desktop;7;T07;boeking;6;B;X
D23;Desktop;8;T08;boeking;1;B;X
D23;Desktop;9;T09;boeking;1;A;Y
D23;Desktop;10;T10;informatie;;;I1
D23;Desktop;11;T11;boeking;2;A;Y
D23;Desktop;12;T12;boeking;2;B;Z
D23;Desktop;13;T13;boeking;3;B;Y
D23;Desktop;14;T14;boeking;3;A;Z
D23;Desktop;15;T15;informatie;;;I5
D24;Desktop;1;T01;boeking;5;A;W
D24;Desktop;2;T02;boeking;5;B;X
D24;Desktop;3;T03;boeking;6;B;W
D24;Desktop;4;T04;boeking;6;A;X
D24;Desktop;5;T05;informatie;;;I4
D24;Desktop;6;T06;boeking;1;A;Y
D24;Desktop;7;T07;boeking;1;B;Z
D24;Desktop;8;T08;boeking;2;B;Y
D24;Desktop;9;T09;boeking;2;A;Z
D24;Desktop;10;T10;informatie;;;I2
D24;Desktop;11;T11;boeking;3;A;Z
D24;Desktop;12;T12;boeking;3;B;W
D24;Desktop;13;T13;boeking;4;B;Z
D24;Desktop;14;T14;boeking;4;A;W
D24;Desktop;15;T15;informatie;;;I5
D25;Desktop;1;T01;boeking;6;A;X
D25;Desktop;2;T02;boeking;6;B;Y
D25;Desktop;3;T03;boeking;1;B;Y
D25;Desktop;4;T04;boeking;1;A;Z
D25;Desktop;5;T05;informatie;;;I1
D25;Desktop;6;T06;boeking;2;A;Z
D25;Desktop;7;T07;boeking;2;B;W
D25;Desktop;8;T08;boeking;3;B;Z
D25;Desktop;9;T09;boeking;3;A;W
D25;Desktop;10;T10;informatie;;;I3
D25;Desktop;11;T11;boeking;4;A;W
D25;Desktop;12;T12;boeking;4;B;X
D25;Desktop;13;T13;boeking;5;B;W
D25;Desktop;14;T14;boeking;5;A;X
D25;Desktop;15;T15;informatie;;;I5
